_adbswq_0E8MoJ9eoVf6vw,47
_anMkOs2LhCPvH8T1Q9Cdw,16
_d7ySCr1d4k-NmDsdNTqgQ,12
_iUlt5rm-15QoLw0MEEg5A,49
_JV_2YiaCoJCwuuWaFpZCw,17
_P_Hznxd1vF-agFXTS8KGw,32
_rKz-rQPzUAIZWlUHCKgow,22
_RoLyFaOoLteuwBUM4JIbQ,12
_tpvRiE69BSU5IAcqcr5sw,51
_VYUU5HPLYasd-xdKLimNA,14
_YbzxBhz0L7tV-f8KGiNDA,18
002ISUJGzG_5ejVrIqsPFA,18
08tyANPXsgIyylzcesVidA,20
098G16F8OQHVzsFoe6sRHw,11
09pf_DnQV5Y5y2reoIPXlw,51
0cpanzyAZa0qGPsiXSV-Nw,28
0FSH-6mRF7DKjeI98snxrA,26
0It4d0eFPJ5UnQqe6g2Z3w,46
0iWPGjWRBrLasX55aJRdOg,33
-0K4W5p3wbQe_vDoB5jMgQ,16
0pi1DQ3N8gC6jhdHfDWEMA,22
0PJQ-WR-S286xH6m2RWeQw,33
0PtNw7RgF4JFcPyP-LqZ_Q,48
0Q0v-eDzWtaySg7cbVi0yg,27
0Q7-i7KHlzBoejEKbW5DUQ,19
0RhEds8SRYme4TbWZLuUxQ,23
0t2yPpsbObqxB8PRyLRUhg,17
0wJVogOnBxNLBBfFN0K92A,43
1dHCtT1rb9Q1jcmYTg8OSw,22
1eJ7yIzSAjwC145fnHD5Xw,34
1FqQ0L--8sviAKNR97K5UA,39
1JbrO_ZoY6a8R3llJHVzUQ,31
1l-7nZDdSnSU-CLHDEkSVg,40
1ofeAP5vdjnOSeO5S2pzSg,34
1pSulg40hoGWWTMivqoaew,24
-1PwcnMwaztBRKah7lrWBg,16
1-sDd7CzBGG47ElyIWTq_Q,29
1XdWZTPXPRRaE0SsEbHcQQ,46
1xEFOt8ArF0k4cpqWUk9gg,15
1yQvJ-By1zO7HzSYhSlz1w,18
1ZDGpyCKBX-VvuO0Vl2tww,44
1zl7-8t8jQ4NX29qRp8soA,29
2099abC1lsypFGDJVG5uIQ,37
2AJW_6QarzJE9BhaXFfyaw,13
2axaOfAJDWOX4HQRDyEG2A,13
2cF-sCqhCGzVMJULhNqjBQ,22
2d9yZ11uVa83OEQWxe4vlQ,41
2EQxLvCxWtmTa3GadTSuTA,12
2F8povaKEaqieQhzFSKwQg,20
2-FFfBaAN2nZhcK-GBR75w,29
2ijiol3ssi2vCh2D_rg8DA,34
2-jyqX-PonxUSZQugyCOAQ,41
2MQLD5la1kE6n0-DcIVu7g,19
2Mt1UpgYYYoryfX3_zBShw,31
2NXb5LHngfZppLDOZDEhSg,21
2xBIQyPr3Bp5YPgLScMSgg,52
2XZ4g_ps_H55CmxFs4Pu8A,45
2ZzThh_QS7JnNApvNwOH4w,10
34P9LyV0J-q_HwLksrgyuw,26
37PlKoT60Qfo_G8V2NRfCQ,23
37ZUkggFxGPq9CHEIpKFbw,16
3D6Uck9QSdxZKFstf5DGlg,43
3hbWjpRzGQbqeu2W3zkW3g,37
3j_8fQ3G3V3LEJuq8O-RTQ,26
3j4_jpOW7dO3uoKERLFR7w,32
3JyqPFOCUHFczVSfiw518w,21
3R28YY7Jw_EJs0-X8qDArw,37
3RWJGTSIRvGmIbwvMqAOuw,44
3uda_ctDzaN8_bJsy5hVsg,23
3xckG-BBA7_ozunrtFRU3Q,41
3ZBIqDLVl3W9wIZufxESLA,16
3zGyd9KAloFIlMhAZpMi6Q,10
45wDLpgW2BFrCRqlf19Efg,30
48jrpdXh98gzP5CxPwQyvw,52
48nQpsNiVcnTR0nXxsg7yA,40
497iuIdzSZqEVZ_iTnp-Jg,45
4abebltNgtm_-nN4NksJTA,24
4C9m63Xk7QVCk5ykJIPkjQ,21
4E1vGnmXwFvGp2NB-NWcgg,14
4GUXkFjJL5SEZK-qtDZSKA,35
4HpR1N0-wo61NbRVxvFeXQ,16
4o2DEgSgY2sDZ16g6U03-w,36
4RhyluqR0eXERECBLallXQ,43
4sXUFP6868G6e450s76rNQ,20
4vDjr0eDn1zBuMBKqmTMZQ,41
4wwmiKihQAit3e1VwujfVw,48
4Zuyl_6omMkU06e9dJK3DQ,30
50pVtN734QXvtRh6IDiapw,27
56vH9aka_9IRw17gFUMWVQ,12
56xHaEOlnLDHb4AO81U8_g,26
59sv6bcwj8XFMclG5KBwNQ,17
5bF1zC3aEqiwYEkkdcWxKQ,38
5crOt_2vpHfFeGOrEeROQA,20
5dFz332M4vPK9k5gbx90aQ,29
5e6YgVJOoIIaLt7lI_7ZbQ,14
5oA6zlmJ4jQREDH6dNCq6w,43
5QIICikdjyCqKS6hgkgjiQ,23
5ry-n1zoefQQHczi7nBC-w,35
5Rztf2RObLnq3h6HDmry2w,16
5VLwQAIheQwmpusFa-tC6w,51
5VxFBT7IGOfZxF-XFGflEQ,16
5wuN-2Dhyj00FeLkkRAUNQ,35
5xv0xjcRUzP-Zb6CKBOceQ,23
5Z-vw4_w-I1Z9XcbCkmCfA,49
61NPgdR5sMwAWw0CI78nBg,29
66D9bO-p8FG01OfmfX14LA,50
67IKCF3bawHNn6nH6hotMw,17
6dDItJbFIwYCmoLZF3iTcg,36
6eBYh0NQ80cCAmC4ajlKuQ,10
6EzE_0QykzrUHHSMcCL7vQ,11
6h_JDsp9VuvGFpPv2jlRsQ,10
6jzWUo0HAT3hNgBH-zHtYg,21
6milF8sa2PoFsGo2H_vh-w,16
6MQJMPVi5HobGjx73DaE7Q,25
